{
  "$meta": {
    "changelogs": [
      "2024-05-31\t新增【索达：闪亮兔女郎】2条",
      "2024-05-28\t新增【特罗尼】1条",
      "2024-05-27\t新增【特罗尼】2条",
      "2024-05-23\t新增【特罗尼】4条",
      "2024-05-20\t新增【特罗尼】9条"
    ]
  },
  "2B": [],
  "A2": [],
  "D": [
    "不管怎样都要今日事今日毕",
    "两者都不是",
    "以任何方式来担起责任",
    "你在做什么",
    "假装若无其事自己走自己的",
    "外表冰冷内心火热话多的人",
    "我也不清楚",
    "我会戴上惩罚你的王冠",
    "我又没有犯罪有什么好怕的",
    "我正朝这个方向努力",
    "我的决定会带给世界什么变化",
    "把垃圾全部清掉",
    "是生活的重量吗",
    "未按约定时间到来是咨询师的失职",
    "睡觉",
    "确认是否是危险物品",
    "要不要先去梳洗一下",
    "那个包包里装的是什么",
    "都喜欢",
    "雨天"
  ],
  "D：杀手妻子": [
    "不可一味依赖",
    "亲爱的你想要什么礼物",
    "你手臂上的刺青有什么意义吗",
    "先暂停任务",
    "只要是你做的我都爱吃",
    "啊这个啊可能是沾到红酒了",
    "因为做任务不能太轻松",
    "当然是肩负起责任了",
    "我会尽量背下来",
    "我只是再一次被我的妻子惊艳了",
    "我帮你泡杯咖啡",
    "我觉得叫亲爱的更好",
    "打造一个让犯罪者承担责任的世界",
    "有必要吗",
    "知道了",
    "花",
    "谢谢亲爱的你今天过得怎么样",
    "这样的生活不适合你",
    "连衣裙",
    "里面装了什么"
  ],
  "IDoll花": [],
  "N102": [
    "不不可怜",
    "不是是那个人认错了",
    "亲自演唱",
    "其实我不吃辣可乐饼因为太辣了",
    "好过一阵子我们就去",
    "安妮和我已经是同一部队的了",
    "我也想一起去",
    "我摸摸你的头吧",
    "是不是因为你像明星一样漂亮呢",
    "是不是穿着别人的衣服睡着了",
    "是有人和安妮同名呢",
    "没吃过这是今天才出的新品呢",
    "淡味可乐饼",
    "现在的这一刻也是在累积回忆啊",
    "真的很神奇",
    "等咨询结束后一起去吧",
    "要一起去吗",
    "说安妮想说的话吧",
    "这样会感冒的",
    "非常有名上过电视"
  ],
  "iDoll太阳": [],
  "iDoll海": [],
  "丽塔": [
    "不是为了限制而是为了安全",
    "为了安全必须严厉才行",
    "也许是人生的经历太丰富了吧",
    "伏特也有自己的烦恼",
    "其实阿妮斯的脚有疾病哦",
    "到时候还会有适合你的工作的",
    "加价转卖给她",
    "在一群美女的簇拥中死去",
    "年龄和兴趣有什么关系",
    "怪老头一个",
    "想想你自己小时候的样子",
    "我亲自帮你准备便当吧",
    "我支持每一个人",
    "是不是这个任务很无趣",
    "桑迪不是孩子了",
    "狠狠地教训教训他",
    "稀饭",
    "袜子",
    "还是要清理的",
    "那寂寞的小狗就从一只变成两只了"
  ],
  "产品08": [],
  "产品12": [],
  "产品23": [],
  "伊莎贝尔": [
    "一起去旅行",
    "不理解",
    "伊莎贝尔",
    "伊莎贝尔",
    "喝一口",
    "在遥远的未来说不定能实现",
    "总会有那么一天",
    "我们回来了",
    "我原本就是那样的性格",
    "我和她们都是单纯的同事关系",
    "我喜欢天空的蓝色",
    "我无所谓的",
    "我脸上有东西吗",
    "是一种彼此拥有的行为",
    "有可守护之人的心情",
    "没有",
    "温暖的木质色调",
    "睡觉",
    "确实也有难以忍受的时候"
  ],
  "伊莱格": [
    "BOOMGUY",
    "不想拿着如此肮脏的钱活着",
    "以后洗澡的时候就不会无聊了",
    "哦谢谢",
    "啪滋滋滋",
    "因为干燥",
    "坐上去就会通电的椅子",
    "安装一个小容量的游戏作为硬盘最后一点空间的装饰",
    "容量小扣人心弦的乐趣",
    "干脆抢走吧",
    "当然感受过",
    "当然是BOOM了",
    "我第一次听说",
    "我觉得挺酷的",
    "没错听起来很有趣",
    "电子电力电线电流",
    "看起来确实有点压抑",
    "能干又帅气的妮姬",
    "见过",
    "都是为了享受游戏没什么关系吧"
  ],
  "佩珀": [
    "一心为病人着想",
    "不喷香水也不错",
    "不是的",
    "为了见梅里",
    "佩珀的笑容也是令人愉悦的呀",
    "因为害怕打针",
    "大团圆的结局",
    "学习如何把装病的患者赶走",
    "很浪漫",
    "总会有那么一天",
    "我同意",
    "我很好",
    "欢快而充满希望的音乐",
    "活泼开朗的人",
    "清爽的",
    "电影院",
    "约会",
    "给病人糖果或巧克力",
    "调亮医院的灯光",
    "造福大众的医生"
  ],
  "克拉乌": [
    "不是吗",
    "不是的",
    "也许很难在我这一代实现",
    "你",
    "你觉得会是什么状况",
    "催促对方",
    "向舒恩提出要求",
    "因为你喜欢看着他们的理想遭受挫败",
    "大家的安全",
    "小狗玩具",
    "我可以帮你去问问看养狗的妮姬",
    "我带你去",
    "指出具体的错误",
    "是",
    "暗网",
    "有",
    "有信念的人",
    "洗干净可重复使用",
    "能否被复制"
  ],
  "可可": [
    "一起竖起了大拇指",
    "你能不能教教我呢",
    "你要不要直接问问客人",
    "可可就是要喝热可可",
    "向她喷番茄酱",
    "因为专业女仆的样子太有魅力了",
    "在女仆咖啡厅里用的信用点",
    "在女仆的礼仪里室内是可以撑伞的",
    "对爱德竖起双手的大拇指",
    "帮我用番茄酱画个我吧",
    "我也喜欢可可",
    "我喜欢下雨天",
    "我喜欢在店里吃",
    "我点一份机敏灵动小兔子蛋包饭",
    "我觉得是专业的",
    "替他们进行礼仪培训",
    "松松软软的蛋包饭",
    "番茄酱",
    "番茄酱必须挤满",
    "要不要一起去玩"
  ],
  "吉尔提": [
    "不能说不会",
    "以后如果有机会的话就试试",
    "伤害心灵的行为",
    "吉尔提",
    "和吉尔提在一起的时候",
    "嗯很好喝的",
    "因为我想吉尔提了",
    "在水瓶里插上吸管",
    "我会做运动",
    "我帮你涂吧你冷静点",
    "手牵手散步",
    "拥抱别人",
    "无视了她们",
    "是森的不对",
    "暂时帮她解开束缚球",
    "用更大的力气回握吉尔提的手",
    "睡觉的时候要不要我牵着你的手",
    "要我替你的手松绑吗",
    "说得再强硬一点吧",
    "这说明吉尔提更受重视"
  ],
  "吉洛": [
    "不如就好好休息怎么样",
    "不用了等她睡醒",
    "你不是很擅长操控塔洛斯吗",
    "吉洛是吉洛塔洛斯是塔洛斯",
    "哇好厉害",
    "唔比平时更加闪闪发光",
    "嗯怎么换",
    "回想自己表现优异的时候让自己振作起来",
    "因为我很会照顾人",
    "塔洛斯唱首歌",
    "客观的判断与果断的决策",
    "就是我",
    "强大可靠的同伴",
    "总有一天会实现的",
    "晴天",
    "测试很难吗",
    "看来今天可以享受只有我们两人的温馨咨询时光了",
    "见过",
    "谨慎一点以免引起对方的戒心",
    "这不是运气而是实力"
  ],
  "吉萝婷": [
    "一定很幸福吧",
    "不能在这里解封",
    "不行这样的话那些匿名的自己人就没办法接近你了",
    "不过这阵风似乎在哭泣",
    "你是我珍贵的朋友",
    "别无他法只能见血了",
    "因为吉萝婷的文章既新鲜又有趣呀",
    "太迟了我们已经无法脱身了",
    "她还没有完全适应你的存在",
    "当然了",
    "我们是朋友怎么能不理你呢",
    "我会放弃白天",
    "我想只有我能理解",
    "我想和吉萝婷一起度过",
    "笑什么",
    "血月的赞歌",
    "这代表你的力量正从其他次元朝你发出信号",
    "这里很安全的因为有上古结界在守护喔",
    "那是传说中黑龙的气息",
    "难道是片翼魔王的封印松动了吗"
  ],
  "哈兰": [
    "不开心",
    "不满意",
    "什么味道都不喜欢",
    "作为长辈你还是宽宏大量地原谅她吧",
    "去捡梨子",
    "哈兰本来就很漂亮",
    "并非所有人都是这样",
    "当然是我",
    "很开心",
    "性格",
    "我也不清楚怎么样",
    "我相信",
    "是哈兰女士",
    "没有",
    "没有",
    "红色",
    "过去永远只是过去",
    "麻烦你了"
  ],
  "坎西": [
    "一点都不累",
    "一边散步一边捡瓶盖",
    "不懂他们为什么要吃牙膏",
    "买淡味可乐饼给你吃",
    "假装吓了一跳",
    "像坎西一样活泼的人",
    "到最后都是爱笑的人赢得胜利",
    "坎西坎西坎西",
    "坎西最好",
    "坎西的原名最好听",
    "应该会在地面上自由穿梭吧",
    "成人写真",
    "我会向坎西求救",
    "我觉得你很漂亮",
    "是随时都能来看我",
    "没什么想法",
    "没有",
    "要一起睡吗",
    "通往我心里的通道"
  ],
  "基里": [
    "不得不看你讨厌的东西的时候吗",
    "不那样的话闯出来的祸会严重两倍",
    "你一定可以的",
    "先喊一声她的名字吧",
    "出什么事了",
    "去吃好吃的吧",
    "叫醒她",
    "可能是因为你一直皱着眉头",
    "听歌",
    "嗯算比较大的",
    "因为很特别",
    "基里你没受伤吧",
    "感觉就像一直在看我的脸",
    "我来打死它",
    "正确",
    "真为你高兴",
    "谢谢你基里真能干",
    "这只是个娃娃",
    "这都多亏了ACPU部队",
    "那是地瓜口味的珀派特"
  ],
  "士兵E.G": [],
  "士兵F.A": [],
  "士兵O.W": [],
  "姬野": [],
  "娜嘉": [
    "他们是嫉妒你的童颜",
    "但看你的表情不像是在担心考试而是在担心别的事啊",
    "你包包里都装了些什么啊",
    "你手腕上的发圈就是新买的吗",
    "你看到的是什么样子的她",
    "你该不会又买小饰品了吧",
    "你随时都可以来玩我欢迎",
    "再也不能穿校服了吗",
    "呃上当了",
    "因为大家都觉得你有领导能力啊",
    "如果是善意的谎言就没关系",
    "我会听舒缓的音乐安静地冥想",
    "是你自己挑的吗有品味",
    "是啊很遗憾",
    "是啊我可以休息一下吗",
    "没错太可爱了",
    "猫系长相",
    "用甜点兑换券来收买她吧",
    "紫色蝴蝶结钥匙圈",
    "谢谢我会吃的"
  ],
  "安克": [
    "32秒",
    "不擅长",
    "你不说她们应该也知道",
    "安克和海洋生物不是用心来沟通的嘛",
    "宴会上当然要吃培养肉啊",
    "当海洋救援队",
    "我也很好奇你穿制服的样子",
    "我们一起想想吧",
    "我们尽快夺回地面吧",
    "我去把和海盗有关的电影全部藏起来",
    "我是垂钓之王姜太公",
    "我来帮你打扫吧",
    "把手贴到安克的额头上",
    "把海洋生物放出来吧",
    "有荷叶边的可爱泳衣",
    "没有啊",
    "章鱼",
    "等她主动告诉你",
    "要不要去我的床上睡一觉",
    "这就是它们的魅力"
  ],
  "安妮：奇迹仙女": [
    "下次要不要一起去北部基地",
    "只要是安妮的梦想无论什么都可以达成",
    "嗯我相信奇迹",
    "因为那是尼恩扔的",
    "好吃的食物",
    "安妮也是圣诞快乐",
    "对我而言你们就是家人",
    "我希望安妮能幸福",
    "我想写给安妮",
    "我正在考虑要不要在指挥官室也放一棵",
    "是不是热巧克力",
    "是想骑摩托车吗",
    "有个能全身心投入的爱好是件好事",
    "每年圣诞节都会唱",
    "看安妮心情好我也很开心",
    "要一起去排吗",
    "要不要现在去滑",
    "那是只有乖孩子才有的",
    "雪人蛋糕",
    "饼干的重点在于味道"
  ],
  "富克旺": [
    "为了凭借自己的力量快速移动",
    "你是姐姐要体谅她",
    "吃点让战斗变得快乐的营养剂吧",
    "听起来有道理",
    "因为她不喜欢加冰的营养剂",
    "因为护士会帮你擦汗",
    "她在尽力帮助富克旺",
    "富克旺的汗水散发着香味没关系的",
    "我就不讨厌",
    "我已经在服用了",
    "我现在去买",
    "我认为应该打开冷气",
    "是为了折磨富克旺而存在的",
    "游泳池",
    "要不要我抱你",
    "跑步是最好的",
    "跑者高潮",
    "身体会不会变得太沉重了",
    "阴天",
    "鼓起勇气打招呼吧"
  ],
  "小红帽": [
    "不一定",
    "两个人以前经常吵架吗",
    "以后我会好好劝说她",
    "依然狂野地携酒醉春风",
    "和小红帽一起哼唱歌曲",
    "嗯可爱",
    "嗯白雪公主",
    "嗯还会说",
    "小红帽你这是在做什么",
    "少骗人了",
    "应该是幽默感",
    "想我吗",
    "我喜欢听黑胶唱片",
    "我觉得没有太大意义",
    "有这样的反应很正常",
    "未来重要",
    "眩目而贪婪的那个",
    "觉得很帅",
    "那个有点",
    "雪"
  ],
  "尤妮": [
    "伸出手",
    "先握在手里再睡",
    "单方面的暴力是不好的",
    "只要平静地生活就好",
    "可能会被处死",
    "和尤妮玩的时候",
    "喜欢",
    "因为莱彻没有痛觉",
    "尤妮从来没有欺负过我啊",
    "尤妮既单纯又善良",
    "干脆把米哈拉也绑起来",
    "想在这里睡一觉再离开吗",
    "扁一顿",
    "手铐坏了重要吗",
    "抚摸头发",
    "没怎么挨打过不清楚",
    "用鞭子把手捆起来",
    "等尤妮再长大一点一起去喝吧",
    "米哈拉也会很喜欢尤妮的",
    "边看边学也很重要"
  ],
  "尤尔夏": [
    "什么时候休息",
    "什么都不想",
    "咬她",
    "唱摇篮曲给你听",
    "对不起但是我办不到",
    "尤尔夏",
    "尤尔夏能好好休息",
    "工作了一整天",
    "想过",
    "我不同意",
    "我知道",
    "我要在指挥官室休息",
    "放她一阵子假让她到前哨基地去",
    "昨天喝多了",
    "晴天",
    "甜的",
    "能量饮料",
    "该说的话还是要说的",
    "静静待在原地",
    "鬼怪是不存在的"
  ],
  "尤莉亚": [
    "但你并没有把你的音乐弄丢",
    "你可以骑着音符啊",
    "像拉毗一样庄重的音乐",
    "和音乐进行一次对话吧",
    "嗯不但如此那里还有孤独而凄凉的旋律也在流动着",
    "好像没有",
    "如暴雨般倾泻而下的震撼的音乐",
    "如波涛般轻快的音乐",
    "安静等待",
    "开枪给她听听看",
    "我会交给尤莉亚去演奏",
    "无论怎么变尤莉亚还是尤莉亚",
    "有音乐灵感的时候",
    "洋溢着对娱乐满满热情的华丽的音乐",
    "聆听尤莉亚演奏的纪念日",
    "能让梦境变得快乐的音乐",
    "能让胆小鬼也变勇敢的进行曲",
    "让人怀念且感觉温暖的音乐",
    "请演奏一曲热血沸腾的音乐帮我消除疲劳吧",
    "阿妮斯好像拥有能看到别人灵魂的能力哦"
  ],
  "尼夫": [
    "你可以睡一会",
    "北极兔",
    "北极熊",
    "呼",
    "困了就得睡啊",
    "太多了不胜枚举",
    "安静地待着",
    "尼夫是独一无二的",
    "尼夫更可爱",
    "当然是北极熊更可爱",
    "我一次都没听到过",
    "我可能更喜欢尼夫呢",
    "我更喜欢黑色汽水",
    "我的嘴唇更甜啊",
    "我的怀抱",
    "我觉得它很可爱",
    "我陪你一起找",
    "梦到和尼夫一起玩",
    "睡眠女王",
    "请她给你一杯冰茶试试"
  ],
  "尼希利斯塔": [
    "也可能两者都在",
    "你们两个好像不太亲近",
    "你试着深呼吸看看",
    "你这么说也没错",
    "像熊熊燃烧的火焰",
    "全熟",
    "可能有一点吧",
    "哦那等你心情好了我再来",
    "喝一杯吗",
    "因为唯有如此人类才能坚持下去",
    "因为问这种问题的机会很少啊",
    "在看尼希利斯塔的脸",
    "尼希利斯塔你看起来很郁闷",
    "弱点太明显了其实也没有多强",
    "我的外貌",
    "我需要一点足以煮熟食物的火焰就够了",
    "是不是尼希利斯塔想守护的人",
    "曾在伊甸园的指挥官",
    "现在的情况会不会更好呢",
    "运动"
  ],
  "尼恩": [
    "不管是谁都不应该把宿舍弄得一团乱啊",
    "你吃过吗",
    "你好好考虑一下这是不是冲动消费",
    "先跟艾玛说我会吃的然后想办法把她骗到外面去",
    "出去练射击吧",
    "因为它就是为此而生的",
    "好像是的",
    "好几发大口径子弹",
    "子弹",
    "将火力增强3倍",
    "尼恩心中的火力就是传说中的铁匠",
    "我们两个把它吃掉然后假装没这回事吧",
    "拿枪指着它吧",
    "火力",
    "紧急装弹就是为了应付这种情况",
    "至少要有一个严肃的人不是吗",
    "英格丽",
    "超高科技的单兵武器",
    "跟喜欢的人一起等就不烦躁了",
    "这种东西根本不存在"
  ],
  "尼恩：蓝色海洋": [
    "一定是鲸鱼赢",
    "乘风破浪的酷炫水上活动",
    "但是如果一直待在那里的话不是要打针吗",
    "你喝海水干嘛",
    "你居然忍住了好厉害",
    "你有信心为它负责到底吗",
    "半夜试胆",
    "啊就在你脚下那个",
    "嗯算是吧",
    "在海里就别戴眼镜了换成泳镜怎么样",
    "她们是泰特拉派来的间谍要提高警觉",
    "好先下水到海浪里去吧",
    "我就是水力水力就是我",
    "我觉得很可爱",
    "所谓混动型的尼恩不就是机会主义者的另一种说法吗",
    "打开放水",
    "水力",
    "看来我得找时间跟她谈谈了",
    "那就为我展示一下玩乐的真谛吧",
    "长毛的水果"
  ],
  "尼罗": [
    "为她盖上被子",
    "会和尼罗牵手",
    "但她不在了你会遗憾吧",
    "听不懂也很可爱所以没关系",
    "因为饼干总是要你陪她玩",
    "困了吗",
    "大晴天",
    "小猫",
    "把空箱子打开放到地上",
    "是不是因为饼干太胆小了",
    "是因为你们都很像猫咪吗",
    "是因为刚喝过牛奶吗",
    "暂时放任不管",
    "有尼罗在的救助站",
    "真的是小猫洗脸啊",
    "要不要我背你",
    "要不要肉泥",
    "要帮你打开吗",
    "要躲在指挥官室吗",
    "试着静静地在空中挥舞猫咪玩具"
  ],
  "布丽德": [
    "不现在已经很完美了",
    "不过迪塞尔是优秀的领导者",
    "几天前索林站在我旁边嘟嘟囔囔的",
    "喜欢聊天软件",
    "就算我不答应这个习惯也不太好",
    "工作做完了吗",
    "工作狂",
    "希望有一天能乘坐列车在地面旅行",
    "应该像现在一样驾驶列车吧",
    "我喜欢一口气完成",
    "我想回到过去",
    "我认为没有",
    "我跟谁在一起都能共事",
    "拒绝挑战",
    "放假不存在那种东西",
    "是不是AZX的人气上升了",
    "让她在工作期间吃糖",
    "还是只能工作吧",
    "香浓的咖啡好喝",
    "默默地端来咖啡"
  ],
  "布兰儿": [
    "A",
    "会不会是去跳钢管舞了",
    "和布兰儿玩",
    "哥哥",
    "唔我可以考虑一下吗",
    "布兰儿也一样漂亮",
    "布兰儿希望的话随时都可以",
    "我会去处理",
    "我无论如何都会去的",
    "我能一起去吗",
    "我试试吧",
    "活泼的人",
    "爱上我了",
    "现在的装扮最好看",
    "用布兰儿的照片做吧",
    "用手传递",
    "真是一对好姐妹",
    "观看布兰儿在地面的表演",
    "试试牵露姬的手怎么样",
    "诺亚尔会一辈子陪在你身边"
  ],
  "帕斯卡": [],
  "帕瓦": [],
  "德尔塔": [
    "二等兵",
    "你可以再细心一点更照顾她一点",
    "努力工作的人",
    "可能他觉得把训练当作兴趣很新奇吧",
    "怎么能说这种话完全放下戒备未免太松懈了",
    "感兴趣的人",
    "成功收复地面",
    "我不会放弃",
    "我们那时候的纪律从来没有那么差过",
    "我在想我要拯救所有人",
    "我想跳Poppin",
    "我觉得军歌就很不错",
    "我认为当下更重要所以不会去想未来的事",
    "战时任何食物都很宝贵",
    "持续训练但要注意适度休息",
    "相信我",
    "研究枪械",
    "这也算是一种团队默契训练你就跟她一起去吧",
    "非常好",
    "食物的味道不重要"
  ],
  "德雷克": [
    "不过其他份炸鸡都是正确的",
    "你真棒",
    "哈哈哈哈哈",
    "在它正在变熟的过程中食用不就可以了吗",
    "德雷克你来拯救他们吧",
    "德雷克先低头的话他们就会低头了",
    "德雷克绝对不会死",
    "恐惧你过于强悍的力量",
    "我可是最强反派德雷克这样回复他好了",
    "把蔬菜吃完就给你",
    "歼灭莱彻",
    "炸鸡当然是原味的最好吃",
    "看恐怖片小事一桩",
    "积极健康的运动",
    "签了几张给他们",
    "绝对不闭眼",
    "至少应该有被拘留的经历吧",
    "要我帮你打电话过去吗",
    "说到夏天就离不开德雷克了",
    "麦斯威尔制造的装备性能难道不好吗"
  ],
  "托比": [
    "反复练习直到熟练掌握就行",
    "可以在任何地方睡觉的睡眠枕头",
    "可能比想象中散漫",
    "哪怕在极限环境下只剩下两个人也能一同克服",
    "大自然之音",
    "尽可能利用现有的资源哪怕再怎么稀少",
    "当然是托比了",
    "怎么没有早点想到呢",
    "我拜了一位民间高手为师",
    "我的目标也是活下去",
    "托比只要做自己就好",
    "来路不明的草根",
    "比起未能救起的人多想想你救出来的人吧",
    "消防员",
    "珀派特",
    "等我退休之后当你的摄影师",
    "要不要去沙漠看看",
    "这种类别的视频不多应该会成功",
    "选择蠕动的袋子",
    "难道是熊"
  ],
  "拉姆": [],
  "拉普拉斯": [
    "不存在",
    "不能够原谅",
    "世界和平",
    "你的缺点是没有缺点",
    "你这样想又能改变什么呢",
    "你迟到了英雄",
    "做出夸张的动作和表情在心里呐喊英雄力量",
    "去吧",
    "喝口水冷静一下",
    "因为不想成为普通的英雄",
    "在慌张逃跑的人群中逆向而行的存在",
    "太过分了",
    "当然是镭射武器",
    "意味着拉普拉斯棒得要死",
    "慢慢边走边变身",
    "我相信你英雄",
    "等你变身结束后再与你战斗",
    "英雄精神与英雄力量都很重要",
    "还没吃饭吗",
    "马上打电话给拉普拉斯"
  ],
  "拉毗": [
    "一定是淋浴间的鬼干的好事",
    "一起巡查吧",
    "不是",
    "也许那时的生活比现在更稳定",
    "以后我的食物减半吧",
    "传说开关门100次就会出现布丁喔",
    "前哨基地",
    "可以一边嫌弃一边吃",
    "因为是一个人所以有时候很孤独",
    "忙不过来的时候就叫我来帮忙吧",
    "慢慢寻找吧我陪你一起",
    "我去跟她说一声吧",
    "我喜欢热闹",
    "本来就短的裙子这样会变得更短的",
    "烦恼消失的梦",
    "痛苦的记忆",
    "直接好好休息来打发时间吧",
    "表达自己的真心",
    "跟大家一起去春游",
    "那就是戏弄拉毗的时候"
  ],
  "普丽瓦蒂": [
    "不管是哪一种只要是好吃的我都喜欢",
    "从今天开始的第一天",
    "你是怎么知道的",
    "冷漠高傲但略微有点冒失的人",
    "因为喜欢普丽瓦蒂",
    "处于青春期的人本来就会表现得很深沉喔",
    "尤尔夏这么做不对",
    "干脆放飞自我吧等到破产了就不得不停下来了",
    "很适合你",
    "想组建一个家庭过着温馨平淡的生活",
    "我刚洗完澡出来",
    "我喜欢指挥官的工作",
    "我陪你去可以吗",
    "普丽瓦蒂",
    "普丽瓦蒂我喜欢你",
    "现在的发型最可爱",
    "皇家大道购物街",
    "衣服或者鞋子",
    "这个梦不太方便描述给普丽瓦蒂听",
    "这题材好像不错"
  ],
  "普丽瓦蒂：不友善的女仆": [
    "也许因为是普丽瓦蒂喊的我觉得很好听",
    "你可以躲在指挥官室",
    "你在这里可以换上舒服点的衣服",
    "像普丽瓦蒂一样的女仆",
    "只要是普丽瓦蒂做的我都喜欢",
    "回来了我的小猫咪",
    "因为太漂亮了",
    "因为普丽瓦蒂太可爱了",
    "大小姐您想吃点什么吗",
    "大部分的甜食我都喜欢",
    "当然是五星",
    "很适合你",
    "我也喜欢番茄酱蛋糕",
    "我更喜欢普丽瓦蒂的声音",
    "扶住普丽瓦蒂",
    "摸了摸普丽瓦蒂的头",
    "普丽瓦蒂",
    "普丽瓦蒂的脸",
    "朝普丽瓦蒂比个爱心",
    "让普丽瓦蒂爱上我吧爱上我咻"
  ],
  "普琳玛": [
    "三明治",
    "下周普琳玛的咖啡也会热卖的",
    "下次教训教训他们",
    "但你也是因为喜欢才做的对吧",
    "但如果是普琳玛的话睡哪里都没差吧",
    "但是她们不在的话会很无聊的",
    "去睡觉",
    "因为经济不景气",
    "困到不想说话了",
    "多睡觉少消费",
    "嫌麻烦",
    "就在这里睡吧",
    "我只看到你睡着的时候很可爱其他的不清楚",
    "我在数羊",
    "改善前哨基地的设施",
    "消除噪音",
    "看样子你是睡得累了吧",
    "自己的事情自己做",
    "要堆得比咖啡还高",
    "软绵绵才是真理"
  ],
  "朵拉": [
    "会让我燃起斗志",
    "但你还是信任她们不是吗",
    "你有事想拜托他吗",
    "反正还剩下一半的资金请对方再给我一点时间",
    "同意",
    "大型垄断企业的社长",
    "我愿意",
    "我认为这是一种对未来的投资",
    "投资",
    "无论有多少钱都不会让我满足",
    "是该清理掉",
    "有不错的投资对象吗",
    "有野心的人",
    "温泉",
    "生意上的事情不顺利吗",
    "皇家大道",
    "穿戴式手表",
    "谁都会有这样的经历吧",
    "这种事不能轻易原谅",
    "难道非知足不可吗"
  ],
  "杨": [
    "交给我来处理",
    "再次挑战的契机",
    "只要是杨给的什么都喜欢",
    "多少钱",
    "帅气的职业女性",
    "我只投资在杨身上",
    "我是母胎单身",
    "我知道了",
    "把生意扩大到地面",
    "挑战型的人",
    "条件是",
    "杨",
    "杨的心",
    "用美人计",
    "红色",
    "莱彻零件",
    "要求她支付你相应的收入分成",
    "觉得可爱",
    "运气",
    "这是值得信赖的杨推出的汽水呢"
  ],
  "桃乐丝": [
    "不够温暖",
    "不太舒适很郁闷",
    "只是想和你聊聊天",
    "可能是因为这里不是自己的家",
    "好好送她们一程了吗",
    "性命相托生死与共的战友",
    "我只是想让大家都幸福一点",
    "我觉得很难",
    "我认为不公平",
    "我认为可以",
    "是哪方面的危险呢",
    "是很沉重的压力",
    "是我一生难忘的味道",
    "梦里有鬼吗",
    "没实际处理过但学过要怎么做",
    "百合花的香气如何",
    "粉红色的点缀十分合适",
    "适合居住的地方",
    "阳光明媚的温暖天气"
  ],
  "桑迪": [
    "不用担心失业",
    "不管怎么说安全都是第一",
    "不要为尚未发生的事情操心",
    "两个都建不就好了吗",
    "你做了预知梦",
    "卡车",
    "反正是头盔没关系",
    "喜欢人多的地方",
    "将整个外缘区推倒重建吧",
    "工匠是不会把错推给工具的",
    "我会帮你夺回地面的",
    "我反而觉得这样更有活力喔",
    "施工的期间就是会比较吵喔",
    "每天一起散步",
    "灰色",
    "穿上雨衣施工",
    "穿不用系鞋带的鞋子",
    "自我提升",
    "跟着节拍挥锤HipHop",
    "那就提前多摄取一日分量的食物试试看"
  ],
  "梅登": [
    "不一样",
    "但是有时候也会有帮助吧",
    "你们的辛苦付出我都知道",
    "你就假装不认识她",
    "去打工赚外快吧",
    "在没有人的地方把面罩摘下来吃",
    "当然了",
    "很平常啊",
    "很适合你",
    "我也怕英格丽",
    "我喜欢平缓的音乐",
    "我找吉萝婷说说",
    "找队友",
    "晚上可以空出一点时间",
    "有我还不够吗",
    "要求加薪吧",
    "轻拍肩膀",
    "这确实是个难题",
    "选择半夜这种对大家都不造成负担的时候见面",
    "隐藏在面具里的美女的声音"
  ],
  "梅里": [
    "不是",
    "与病人保持距离",
    "体检",
    "医务人员Cosplay",
    "叫她把眼睛眯起来",
    "因为医院很可怕",
    "完成使命需要理由吗",
    "对佩珀而言你是不是个好人是由她来决定的",
    "我也会想接受咨询",
    "我支持",
    "护士",
    "放个花瓶",
    "是佩珀闹了什么笑话被你抓到了吗",
    "有人情味的人",
    "有什么我能帮上忙的吗",
    "有可疑的嫌犯吗",
    "短暂的剧烈疼痛",
    "给他打针的时候下手狠一点",
    "转移病人的注意力突袭",
    "都喜欢"
  ],
  "梅里：海湾女神": [
    "不然我假装生病把她叫到外头去吧",
    "做简单的热身运动后再下水",
    "其实之前掉进了海里喝了一大口海水",
    "冰镇的西瓜",
    "对尼恩来说这些简直易如反掌",
    "平时难以见识到的超稀有泳装",
    "感觉很凄凉",
    "我下次会小心的",
    "我更喜欢成熟一点的",
    "我觉得很性感",
    "或许可以弄个醒目的安全告示牌",
    "是不是被宽大的帽檐挡住了",
    "有点难以启齿",
    "正确答案：钩端螺旋体病",
    "用冷水洗澡",
    "红色",
    "背上因为碰不到所以没擦好",
    "趁此机会替大家做个健康检查怎么样",
    "跟在梅里后面的样子像只小狗很可爱",
    "这几天光顾着玩确实没有好好休息"
  ],
  "森": [
    "一般都会买给他吧",
    "上次难道是",
    "你在算分数吗",
    "你觉得怎么样呢",
    "因为现在还没有信心控制你的力量",
    "好周末和我一起去做吧",
    "广泛而浅交",
    "我来帮你碾碎吧",
    "我觉得能见到森是一件好事",
    "有一定的道理",
    "森",
    "牺牲小我完成大我",
    "珀派特条",
    "看你适应得这么好我就放心了",
    "等到她气消为止",
    "给别人一个珀派特条再慢慢接近吧",
    "要我让你当木马骑吗",
    "说谎也是一种能力",
    "那只是坎西游走于规则之外",
    "那我们要不要做点别的"
  ],
  "樱花": [
    "一切遵照原则来办",
    "下次一起去吧",
    "不作任何改变也是一种美德",
    "医院",
    "即便如此还是必须赏罚分明",
    "小姐与鹰犬",
    "应该会面对面直接告诉她吧",
    "应该是良好的意思",
    "心里会感到悸动",
    "想要樱花帮我整理",
    "我会直接放弃",
    "我只对樱花温柔",
    "我在努力运动",
    "樱花",
    "樱花",
    "相信自己迎难而上",
    "红茶",
    "虽然没用过但我很感兴趣",
    "要不我常来宅子里走动",
    "高傲沉稳的人"
  ],
  "毒蛇": [
    "B",
    "你想要什么回报",
    "原来毒蛇也会在意这些啊",
    "只要别杀了他就好",
    "可以经常和毒蛇见面",
    "喜欢",
    "因为是找我咨询的日子",
    "好",
    "我会先吃掉",
    "我喜欢它慢慢融化",
    "把我杀掉",
    "抓住毒蛇的脚腕",
    "方舟",
    "毒蛇也有毒蛇特有的优点",
    "毒蛇你觉得呢",
    "简单一点的",
    "蛇",
    "被抢",
    "要不要去方舟约会",
    "这是在夸奖我吧"
  ],
  "沃纶姆": [
    "Swag",
    "S级超跑",
    "Up",
    "不如让我来",
    "今天就休息一天吧",
    "会是一场迎着倾盆大雨放肆crazy的嘻哈狂欢",
    "嘻哈",
    "广告",
    "意思就是明星必须时时刻刻做好准备不是吗",
    "我觉得很好",
    "每个人都会有失误的时候",
    "沃纶姆应该也能做到",
    "沃纶姆当然是最厉害的",
    "用实力碾压他让他在地上摩擦",
    "用音乐穿透这顶棚吧",
    "给她水",
    "这是新歌的歌名吗",
    "除了说唱歌手我想不到其他的可能性",
    "黑色",
    "默默地播放音乐"
  ],
  "波莉": [
    "像波莉这样能干的警察",
    "发生什么事了",
    "和波莉玩最有趣",
    "因为你肉嘟嘟的脸颊",
    "如果是波莉的话完全没问题喔",
    "帅气的警察公仔",
    "帮她换了OK绷",
    "当然是小狗",
    "我们去玩吧",
    "我最近也很爱吃",
    "波莉很帅气",
    "波莉是个称职的警察所以很擅长辨认犯人",
    "现在的发型最适合你",
    "直接放弃吧",
    "要不要我摸摸你",
    "要不要我摸摸你",
    "让他们尝尝公权力的厉害",
    "过来我摸摸你的头",
    "这只是犯人卑鄙的借口",
    "除了警察以外想象不出你从事别的职业的样子呢"
  ],
  "海伦": [
    "不喜欢",
    "不是靠自己的力量实现的愿望没有意义",
    "以后我来负责清洁吧",
    "会我游得还不错喔",
    "你不可能对所有人一个一个去解释的",
    "哪怕是人不洗澡也会变脏的",
    "在玻璃箱内放入一张有小额信用点的卡",
    "想想你肩上的重担吧",
    "我去把安克的海星保管箱找出来丢掉",
    "我相信一定可以",
    "所有的正义都应获得尊重",
    "投资赞美号",
    "是一只非常健康的海星",
    "有听众听你演讲会不会让你背得轻松一点",
    "海伦不会落水",
    "缓慢坚固的船",
    "训练有素的作战",
    "跟他们一起喝酒丢海星",
    "辣的",
    "高级茶具"
  ],
  "海伦：海蓝宝石": [
    "什么都不要想",
    "你还以为我是人吗",
    "因为你和大海太相衬了",
    "夏天就应该吃桃子",
    "就像海伦一样",
    "我也被砸了",
    "我去找找看",
    "我好像中暑了",
    "我应该游得比海伦好吧",
    "我觉得很适合海伦",
    "拍大海",
    "握住海伦的手",
    "海伦还是更适合穿制服",
    "而且和海伦也很相配",
    "要去散步吗",
    "请保佑我们夺回地面",
    "通知海伦",
    "那我要和海伦一队"
  ],
  "爱丽丝": [
    "兔子形状",
    "加入和声唱出动听的旋律",
    "只要爱丽丝一直陪在鲁德米拉身边那就够了",
    "吃过一点积雪",
    "味道也和棉花糖一样",
    "在梦里也有好吃的食物喔",
    "它在寻找幸福的国度",
    "它能让内心变得完美",
    "想象和爱丽丝一起喝下午茶",
    "我喜欢下雪",
    "我喜欢又甜又咸的胡萝卜",
    "所以要我们去帮助他们入睡才行",
    "打雪仗",
    "是啊要去喝泉水",
    "狗",
    "甜甜的很好吃",
    "疯帽客",
    "知道了我会认真跑的",
    "经常做梦",
    "送一杯红茶过去给女王让她冷静下来"
  ],
  "爱德": [
    "亲自念咒语",
    "和爱德一起外出",
    "和爱德在一起度过的时间最幸福",
    "喜欢到外面四处走走",
    "喜欢沾着吃",
    "嗯当然喜欢了",
    "因为是值得信任和依赖的人吧",
    "应该是专业且熟练的服务吧",
    "很满意谢谢你",
    "我也觉得干净利落比较好",
    "我喜欢晴天爱德呢",
    "我喜欢诚实又专业的人",
    "我还是最喜欢爱德穿女仆装的样子",
    "抱歉我睡着了",
    "是不是因为充满了幸福能量",
    "是因为一起工作的搭档生了病所以你很在意吗",
    "来杯我常喝的吧",
    "没有每次来都很完美",
    "用正体字工工整整地写下名字",
    "看起来很美味我开动了"
  ],
  "爱蜜莉雅": [],
  "牡丹": [
    "与其说无知或许单纯更适合吧",
    "义气",
    "义气义气义气",
    "你喜欢我",
    "加油的姿势",
    "发生什么事了吗",
    "可能是太忙了吧",
    "咨询结束后要去约会吗",
    "在哪里买的我也想买",
    "在想什么呢",
    "带他们去吃好吃的",
    "开朗活泼的人",
    "我也不太会存钱",
    "我觉得没必要",
    "是我喜欢的花",
    "有逻辑地和他说明必须去的理由",
    "牡丹也是我见过的人里最漂亮的",
    "甜美可口的鸡尾酒",
    "警察",
    "那我就放心了"
  ],
  "特罗尼": [
    "不是用发电机发电吗",
    "不管怎样都该修复才对",
    "以后偷偷藏起来怎么样",
    "喂搭档你还活著啊",
    "嗯喜欢",
    "嗯因为懒得想新的",
    "嗯我喜欢动脑筋",
    "她是善解人意有能力的妮姬",
    "当然算",
    "拿起垃圾桶把手里捡到的东西都扔进去完毕",
    "指挥官室",
    "无比浪漫的黑色游侠",
    "最好按照包装上的说明煮不是吗",
    "特罗尼发生什么事了",
    "电力冲击部队光用念的就很帅呢",
    "简单方便的速食",
    "趁这个机会以扮演方舟游侠出道吧"
  ],
  "玛奇玛": [],
  "玛律恰那": [
    "不然分给学生们吃吧",
    "不能想办法引导他们去外面放无人机吗",
    "你不是一直都力求做到最好吗",
    "嗯发生什么事了吗",
    "嗯就是新颖的有个性的",
    "嗯狐狸不仅长得漂亮还很聪明不是吗",
    "在玛律恰那的肚子上盖上毯子",
    "好教师应该因材施教和学生们一起进步",
    "将手覆盖在玛律恰那的眼睛上",
    "尼恩说她夹到了很多子弹娃娃所以就放在这里了你要不要拿一个",
    "快乐动物园管理的动物救助站怎么样",
    "我从来没吃过呢要不要一起去吃",
    "无人机飞来飞去的声音很可爱呢",
    "画得真好好可爱啊",
    "真是可爱得让人无法抗拒啊",
    "能留下深刻回忆的可爱动物睡衣怎么样",
    "虽然记不太清楚了但我肯定希望教官是像玛律恰那一样的人",
    "要不要表扬一下她很棒",
    "这代表他们信赖玛律恰那",
    "那现在和我一起熟悉一下吧"
  ],
  "白雪公主": [
    "不太清楚",
    "全都很糟糕不分轩轾",
    "再多等一下",
    "可能会在地面上建造新的前哨基地然后生活在那里",
    "她应该很孤单陪在她身边也没关系呀你就喝水好了",
    "如果可以选择我会先跟敌人进行沟通",
    "就当没听见",
    "怕",
    "我会考虑的",
    "我带一个给你吧",
    "没有",
    "洗澡",
    "猜拳决定",
    "相信",
    "虽然很难过但这是真的",
    "这种散漫或许对你有所帮助",
    "这里也不是永远都这么安全",
    "陌生的路",
    "零食珀派特",
    "食物不限量"
  ],
  "白雪公主：纯真年代": [
    "下雪的天气",
    "也许是她们两个表达爱意的方式吧",
    "休息的时候休息名副其实的休息",
    "分给白雪公主",
    "只有自己领悟才有意义",
    "哎呀好棒的武器呢",
    "唔也满有魅力的",
    "嗯例如现在这样",
    "因为把你当成好伙伴",
    "她在说谎",
    "应对如流和成熟没有关系吧",
    "我也觉得她有点难捉摸",
    "戳她的脸叫醒她",
    "是不是因为用灵魂在舞剑所以看起来像活的一样",
    "有你保护我没关系的",
    "没关系你吃光它吧",
    "知道了待会去告诉她们要适可而止",
    "这个嘛想和你们四处逛逛",
    "这是成为真正的圣人的一个过程",
    "需要我今晚陪你睡吗"
  ],
  "皇冠": [
    "不了抱歉",
    "不搭话在一旁等待",
    "会不会去附近侦察了",
    "你一个人承担太辛苦了",
    "你想说的是咨询吧",
    "好奇吗",
    "好奇的话随时可以来玩",
    "就像皇冠照顾子民的原因一样",
    "很遗憾不能一起去",
    "我们的羁绊更深吧",
    "按照子民意愿带领国家前进的存在",
    "有名副其实的国王的存在",
    "没事吧哪里不舒服",
    "温柔体贴的人",
    "甜点类一直都很受欢迎",
    "皇冠是怎么当上国王的",
    "要尝尝吗",
    "那就是皇冠的愿望吗好酷",
    "钟鸣也会因为皇冠的存在感到踏实的",
    "风和日丽的晴天"
  ],
  "神罚": [
    "下次努力朝第一名迈进吧",
    "之后怎么样了",
    "从昨天开始腿就很痛",
    "你怎么知道的",
    "出剪刀",
    "在我面前的人",
    "她只是喜欢火力而已",
    "她是觉得头痛",
    "小星星",
    "帮尼恩也缠上绷带吧",
    "当然了",
    "我也很开心",
    "我喜欢蓝色的天空",
    "拉毗",
    "指挥官室有你在真好",
    "没见过",
    "没错",
    "苹果口味",
    "这次换我来保护你"
  ],
  "米兰达": [
    "一定可以的",
    "你的大局观和视野要比现在更开阔",
    "你要我帮忙宣传什么呢",
    "再锻炼一下毅力",
    "去度假也不忘自身职责太帅了",
    "去跟波莉说找她来跟你一起来玩",
    "只要努力吃饭就可以了加油吧",
    "因为晴天比下雨天好",
    "因为波莉把米兰达当做队友一样关心",
    "成长指的是内心的成熟",
    "我想米兰达亲自演唱也不错哦",
    "是的做事认真是最重要的",
    "画个交通标志牌图案",
    "看米兰达的行为就知道了",
    "行",
    "表达想一起去的心情",
    "说不定是你喊的时候喊太大声了",
    "这是秘密",
    "这都是米兰达努力工作的结果",
    "那会是一次全新的体验喔"
  ],
  "米卡": [
    "一起找找属于你的兴趣嗜好吧",
    "下次我们再加上贝洛塔一起去",
    "他们是不是害怕恶作剧才不来的呢",
    "因为喜欢那个人",
    "因为贝洛塔没有东西吃了",
    "对",
    "并非世上所有成年人都是善良的",
    "恶作剧豁免权",
    "我也会永远和你在一起",
    "我会陪在你身边直到你睡着",
    "我很期待",
    "是啊",
    "没有白天的世界",
    "痛哭流涕",
    "米卡",
    "米卡你也捉弄回去就好啦",
    "贝洛塔",
    "超大又华丽的烟火",
    "陪大叔玩",
    "鞭炮"
  ],
  "米卡：雪地伙伴": [
    "一个人打扫应该很累吧要不要我帮你",
    "你和贝洛塔一起商量一下怎么样",
    "你是不是吃了艾玛做的菜",
    "你迷路时肯定吓坏了吧以后别走太远了",
    "充满活力很好啊",
    "哇你是怎么做到的",
    "嗯和米卡很搭",
    "嗯我喜欢这个星形的烟火",
    "因为可以和那些自己喜欢的人在一起吗",
    "好漂亮像宝石一样",
    "帮她把袖子用衣服上的蝴蝶结固定住",
    "我偶尔也会有这种感觉",
    "我觉得跟米卡和贝洛塔在一起时感觉更好",
    "是你自己做的吗谢谢",
    "淡淡的香味",
    "瀑布因为风景好",
    "真的太棒了我一有空就会去",
    "米卡本来就很可爱所以无论什么样子都很好",
    "那就借助道具吧",
    "那肯定不是艾玛"
  ],
  "米哈拉": [
    "不要压力太大",
    "便当",
    "又高又帅性格也好的男人",
    "可爱是没有理由的",
    "因为喜欢感受到痛苦",
    "因为辣的东西会给人带来痛苦",
    "多花点时间慢慢说服他们吧",
    "她一定是在钻研什么新技术",
    "想但有点胆怯",
    "我们现在就去吧",
    "我觉得很好",
    "摸摸看",
    "新鲜的",
    "有过",
    "未来将要产生的记忆",
    "清新的香味",
    "精神",
    "说出来就不是秘密了吧",
    "赏金猎人",
    "跳绳"
  ],
  "米尔克": [
    "你一个菜鸟面对高手还能收敛着打",
    "你出场的话肯定是冠军",
    "因为普琳玛",
    "康复的话大概12周",
    "开始吧",
    "很可爱啊",
    "感觉很棒",
    "我也喜欢米尔克",
    "我喜欢你现在的语气",
    "拳击手",
    "是普琳玛的错",
    "枪是不是更实用呢",
    "没问题",
    "牛奶5咖啡5",
    "米尔克",
    "装个消音器吧",
    "要不要骑我脖子上",
    "说不定会爱上你",
    "那么你就不是麻烦解决者而是破坏者了",
    "马士丁老板"
  ],
  "索林": [
    "下次再遇到她们你也报警说她们是走失儿童",
    "以后我们再也不去那家咖啡厅了",
    "以后每次打扫我都来帮你",
    "初恋就在我面前",
    "加油吧",
    "可能是因为进入成长期了",
    "因为那个人没有见识到索林的能力",
    "在她们眼前一口喝掉一杯苦咖啡",
    "她们喜欢索林和索林喜欢她们一样多喔",
    "对",
    "成熟的女人",
    "我喜欢娇小一点的",
    "是想吃糖吗",
    "没去过",
    "现在就提前制定一下旅行计划吧",
    "甜甜的应该很好吃吧",
    "真的",
    "职业套装",
    "要是能和索林一起去就好了",
    "送给迪塞尔一些不同口味的糖果"
  ],
  "索达": [
    "为自己的快乐投资不要犹豫",
    "厨房",
    "可以吗",
    "可爱的索达的脸",
    "喜欢晴天",
    "我也很好奇你穿休闲风衣服的模样",
    "我回来了",
    "是不是有心事",
    "比起打扫我也更喜欢索达",
    "没关系每个人难免都会犯错",
    "没受伤吧",
    "爱心",
    "爱情剧的高潮场面",
    "砰",
    "笑意盈盈",
    "索达做的都好吃",
    "索达的料理很美味",
    "要一起打扫吗",
    "见你的专属女仆",
    "这正是索达的魅力所在"
  ],
  "索达：闪亮兔女郎": [
    "每天都去女仆咖啡厅",
    "说你像兔子一样可爱"
  ],
  "红莲": [
    "一定有其他的解决方式",
    "不喜欢",
    "不必同情她这就是白雪公主的生活",
    "不新奇",
    "会比较容易落泪",
    "你先过去我随后就来",
    "农耕度日过着平静的生活",
    "喝酒就应该喝苦的",
    "地面上流浪的酒鬼",
    "好喝的滋味",
    "我和长发公主一起有过愉快的妄想",
    "我认为当你在纠结这个问题的时候就已经与浪漫无缘了",
    "我认为这是一件有意义的事",
    "晴天最适合喝酒",
    "月色和清风",
    "有但目前还不行",
    "有共鸣的传统音乐",
    "继承过",
    "这不是享受酒的美好而是被酒吞噬了",
    "饮一杯吧"
  ],
  "红莲：暗影": [
    "不我不擅长",
    "不理解为什么要喝酒",
    "会和我所爱的人们一起度过",
    "你去跟她们说你也想加入",
    "你是指像妹妹的一面吗",
    "呼呼",
    "嗯",
    "因为机体配置存在差异",
    "好像是天性使然",
    "应该办不到",
    "当然我们是一家人",
    "当然知道",
    "悄悄扔一根树枝",
    "我要是允许了你的躯体可能没办法完好无损",
    "有什么好奇怪你也是其中一员啊",
    "玫瑰花漂亮吧",
    "耐心",
    "能怎么做就思念啊",
    "谢谢那我就不客气了",
    "都聊了些什么"
  ],
  "罗珊娜": [
    "他背叛你了",
    "刀",
    "别盯着我看了好吗",
    "呼叫ACPU部队",
    "和她搭话",
    "咨询结束之后要不要去喝一杯",
    "因为我相信罗珊娜",
    "头",
    "当然",
    "恐惧的象征",
    "我也伸手点两下自己的嘴唇",
    "我去跟她好好说说",
    "我我爱你地面",
    "找找桌游",
    "砰砰",
    "素雅的黑白色系的衣服",
    "肯定很累吧",
    "要不要铺上高级地毯",
    "赶紧低头",
    "饭店"
  ],
  "舒恩": [],
  "舒格": [
    "11匙",
    "两杯都是加糖咖啡所以随便哪杯都可以",
    "也学着做一个无赖",
    "优雅的古典音乐",
    "你是觉得给黑色台风的油很可惜吗",
    "加糖咖啡VS我",
    "因为前哨基地的人数增加了很多",
    "在时速表上再加一个零怎么样",
    "夺回地面后一定要试试看",
    "如果舒格也不做的话她俩自然有人去做",
    "当然了",
    "我一个人的时候会模仿普琳玛的声音",
    "我认为她是咖啡厅甜心部队唯一的队长",
    "换一下引擎吧",
    "有我和其他伙伴们在尽情杀敌吧",
    "真是个可怕的梦",
    "给她一杯洗涤剂",
    "舒格可以自己举办这种活动呀",
    "踹投诉的人屁股",
    "轰隆隆隆隆"
  ],
  "艾可希雅": [
    "一夫当关带头carry",
    "亲自出马来解决bug吧",
    "你是不是在说我",
    "去用我房间的淋浴间吧",
    "反正过一天之后就好了",
    "坚持你的信念吧",
    "坦诚地告诉对方然后道歉",
    "寻找攻略",
    "开启PVP吧",
    "当然是2D",
    "我自己也不知道你帮我找找看",
    "我要完成游戏的每日任务",
    "我跟你一起去吧",
    "戴副降噪耳机",
    "打开同一个游戏",
    "把诺薇儿送到体育馆去",
    "推理狂人侦探御宅族",
    "既然你这么想尝试那就去试试吧",
    "第三章BOSS战中的BOSS模式",
    "那我们一起跑吧"
  ],
  "艾德米": [
    "不怎么做梦",
    "人少的公园",
    "可爱的人",
    "吃过很多",
    "平静柔和的音乐",
    "应该会很幸福吧",
    "我是夹娃娃高手哦",
    "放下期待心情就会好多了",
    "最喜欢艾德米工作的法院",
    "有永恒的爱",
    "没有",
    "猫咪",
    "艾德米的声音更可爱",
    "艾德米的时间",
    "要不要四处逛逛找一些猫咪照片看看",
    "说声谢谢吧",
    "还没有看到结局所以不想因为害怕结局就轻易放弃",
    "通通都看完不就行了吗",
    "酒水",
    "雨天"
  ],
  "艾玛": [
    "不管是什么问题都应该由她们自己去化解",
    "为她做你最擅长的事",
    "也许是身体上的原因",
    "但这也是艾玛有魅力的地方",
    "保守中带着大胆",
    "和其他沐浴乳混在一起用你觉得怎么样",
    "因为整夜想着艾玛晚上失眠了",
    "因为煎蛋卷太美味了大家舍不得吃",
    "因为艾玛太美了",
    "好像有点疲劳过度",
    "应该会拚命忍耐不肯发出声音",
    "张嘴",
    "当然了",
    "我喜欢黑色",
    "我帮你跑一趟吧",
    "用心",
    "看来大家都有一点换季反应呢",
    "蛋糕",
    "这种能力很适合和蔼的艾玛",
    "这要取决于艾玛是什么类型的人"
  ],
  "艾瑟儿": [
    "不会",
    "你是因为需要一个健康的实验体才那么重视我的吧",
    "再想一想或许就能找出答案了",
    "去过",
    "好烦啊",
    "如果是想让我吃药的话你就直接拿给我吧",
    "想想辞职后你的研究专案就得不到资助了",
    "我喜欢",
    "我支持你",
    "我现在还不想被送到实验台上喔",
    "我相信你不会这样",
    "我相信有鬼怪",
    "我知道",
    "我觉得这句话是一种偏见",
    "把人弄晕了带进去啊",
    "知道了别担心",
    "研发一种可以减少烦恼的药物好了",
    "科学可以克服一切",
    "香橙口味"
  ],
  "艾菲涅尔": [
    "一直都有",
    "不断尝试直到战胜它为止",
    "不管明天有什么事我都会去的",
    "你来指挥官室我帮你吹干",
    "应该是像鸟儿一样自由自在",
    "建议佩戴安全护具吧",
    "我在等待时机",
    "我想和艾菲涅尔一起玩滑板感受地面上的自由",
    "所以才更可爱啊",
    "是什么样的技巧呢",
    "有图案的滑板",
    "本来青少年就是通过模仿帅气的人慢慢成长的",
    "桃子口味",
    "正是这种心态造就了现在的艾菲涅尔",
    "糖果或者口香糖",
    "走吧",
    "这似乎是个好主意",
    "这将是一场难得的比赛",
    "这属于职场霸凌",
    "鞋子"
  ],
  "莱伊": [
    "33号",
    "会帮你解决零食和作业问题",
    "伸手接过",
    "去医院吧",
    "叫你打扫窗户",
    "嗯给我吧",
    "当学妹的都是这样吧",
    "我也害怕",
    "我当时是全校第一",
    "我觉得不错",
    "抢了你的零食吃",
    "拿出一块香甜的巧克力",
    "每天喝牛奶",
    "皇帝企鹅讨厌菠菜呜呜呜",
    "经常买饭和零食给我的前辈",
    "莱伊已经是3年级的学生了翘一次课也无妨",
    "莱伊现在已经是帅气的前辈了",
    "虽然是这样但你还是考得不错吧",
    "要买什么零食",
    "非常有安全感"
  ],
  "莱昂纳": [
    "30颗左右",
    "一分熟",
    "与其说是莱昂纳不如说是你身边的动物们让人难以接近",
    "动物们有点可怜",
    "可以和我说",
    "可能同属猫科习性相似",
    "嗯吼嗯吼",
    "因为熊长得可爱吧",
    "因为莱昂纳很漂亮",
    "在大自然生存下去应该很不容易吧",
    "增加救助站的体验项目吧",
    "应该有困难",
    "我",
    "戳了下媞美的脚掌",
    "换毛期没办法",
    "肉",
    "莱昂纳也是因为超级大所以超级可爱",
    "莱昂纳你的头不痛吗",
    "要不在指挥官室睡一会再走",
    "这是买给媞美的吗"
  ],
  "蒂亚": [
    "不就是龙嘛",
    "不忙",
    "不知道为什么我好像知道你说的那种感觉",
    "你是说鳄鱼吗",
    "你现在也很漂亮",
    "吃少一点没关系味道才是最重要的",
    "同意",
    "听课时坐姿要端正",
    "在外面这样搂搂抱抱的不好",
    "坚硬的东西",
    "对焦的问题",
    "当然是当老师啊",
    "我一般只喝咖啡",
    "我好像明白那种感觉",
    "才吃这么一点吗",
    "是不是放学后还在担心学生们啊",
    "要一张甜点终身免费券怎么样",
    "这张变色龙图片吗",
    "都是因为你的甜点照片拍得太好了",
    "难道不是在担心未来吗"
  ],
  "西格娜": [
    "不会",
    "休假当然是要待在家里啊不出门就能掌握天下事呢",
    "你确定不会被德尔塔骂吗",
    "别放在心里说出来比较好",
    "在礼貌的范围内会多看几眼然后就走过去了",
    "太可爱了我很喜欢",
    "委婉地说出不满的地方",
    "我也觉得德尔塔很温柔是很好的人",
    "我也这么想",
    "我喜欢下雨很有意境",
    "我现在就在赏花",
    "是不是电视剧里演到主角所剩时间不多了",
    "是什么样的电视剧啊",
    "最好是像电视剧里那样的恋爱",
    "有时候这是必要之恶",
    "梦是会实现的",
    "电视剧要开播了今天早点回去吧",
    "看来你在梦里跳舞了啊",
    "等待爱情OST1号曲目",
    "能一起看电视剧的人"
  ],
  "诺亚尔": [
    "不了今天没空没办法去",
    "你们是双胞胎你已经和布兰儿很像了",
    "你想想布兰儿",
    "你找找共同话题",
    "唔呜",
    "嗯我有去",
    "因为她有白皙的皮肤和活泼的性格",
    "因为诺亚尔很好看",
    "我的魔咒是如果见不到诺亚尔就会运气不好",
    "我都喜欢",
    "扎实的动作和技术",
    "把它绑起来怎么样",
    "抽1号",
    "泳装",
    "耐心地等待诺亚尔开口",
    "见过",
    "那咨询就下次再做吧",
    "那就会变成有点不幸的幸运兔",
    "那是什么",
    "默默地伸出手"
  ],
  "诺伊斯": [
    "不要犹豫直接检举吧",
    "你们三人的风格各具特色说不定会碰撞出惊喜的火花",
    "你应该更理直气壮一点的",
    "你现在也很性感啊",
    "制作一份专属于他的限量周边吧",
    "回家",
    "多喝热水",
    "我觉得很好",
    "我还有更重要的事要做",
    "扮鬼脸",
    "披上一层不那么真实的伪装还是必要的",
    "抱歉我当时去出任务了没有看",
    "无论是谁都有第一次全力以赴试试看吧",
    "是有点累但没关系",
    "签名换风格的话别人怎么知道这是诺伊斯的签名呢",
    "给粉丝一些回馈吧",
    "虽然很让人难过但应该是这样没错",
    "诺伊斯的歌",
    "趁现在稍微眯一下吧",
    "这是抄袭吗"
  ],
  "诺薇儿": [
    "与诺薇儿之间的谈话",
    "即使没有这样的台词诺薇儿也也已经够帅了",
    "去案发地点看看",
    "只是你没有发现而已犯罪是无所不在的",
    "只要是方舟人必选炸鸡口味",
    "向艾可希雅求助吧",
    "因为今天要和诺薇儿聊天",
    "因为你们的优势不是火力而是在其他面向",
    "因为渴望变得特别",
    "守在身边",
    "密室杀人案",
    "密室逃脱游戏",
    "当然了",
    "我替你去打探一下",
    "我陪你一起去",
    "果然在梦里也是个帅气的侦探",
    "玩推理游戏吧",
    "目光犀利的",
    "试试把外来者部队当作对手吧",
    "诺薇儿"
  ],
  "诺雅": [
    "你在干嘛",
    "你是说波莉吗",
    "你有过这种经验",
    "哈兰的精华液瓶子",
    "因为她们像诺雅一样强大",
    "因为弱者也自有他们的用处与长处",
    "强大可不是指挥官的唯一素养",
    "我愿意挑战一下",
    "我觉得你像自己的妹妹所以讨厌不起来",
    "放弃咨询",
    "每句话的句尾都加上喵",
    "没有吧",
    "直接向她本人学习不就好了",
    "祝你旗开得胜",
    "笑什么",
    "维持你现在的样子就好",
    "讲的是五个戴面具的强者击溃莱彻的故事",
    "诺雅只要走诺雅自己的路就可以了",
    "这是可爱的装饰品",
    "这是因为粮食短缺的关系"
  ],
  "谢芙蒂": [],
  "豺狼": [
    "不可能所有人都喜欢豺狼的",
    "不我要摸1000次",
    "乖乖待着",
    "也没有重要到那种地步",
    "他们那是羡慕",
    "你想象一下如果克拉乌被人欺负了",
    "你是不是啃了石头",
    "只要别对准人就好",
    "嗯我含在嘴里等它融化",
    "因为你喜欢吃肉",
    "因为这里太小了豺狼没办法跑得尽兴",
    "她们想刁难豺狼",
    "她只是在装模作样",
    "很很适合你希望你不要摘",
    "我们去护理牙齿吧",
    "我们去练习跳高吧",
    "我们吃羊肉口味的培养肉吧",
    "有没有可能他真的不知道呢",
    "虽然不知道是什么但谢谢你",
    "那我呢"
  ],
  "贝伊": [
    "Arabesque",
    "Youcandoit",
    "与啦啦队制服很搭的粉色",
    "为对方加油打气的心意",
    "但我还是希望你不要受伤",
    "嘻哈风的街头服装",
    "忙着加油哪有时间吃零食",
    "我怎么样",
    "时间会解决一切的",
    "步行运动",
    "注重活力与热情的啦啦队",
    "清新的流行歌曲",
    "甜甜的糖果香",
    "用运动服专用洗衣精",
    "贝伊做得到",
    "贝伊我为你加油",
    "贝伊身上所有的痣",
    "阳光明媚的天气",
    "青少年电影",
    "鸡胸肉沙拉"
  ],
  "贝斯蒂": [
    "不必改因为这是非常正常的事情",
    "不要想太多马上把事情忘掉",
    "你要意识到自己有多可爱",
    "像现在这样轻松地聊天",
    "和别人见面",
    "和贝斯蒂变得更亲近",
    "娇小可爱的女性",
    "我也很喜欢和贝斯蒂聊天",
    "我觉得很可爱",
    "或许其实没有你自己以为的那么丑呢",
    "控制情绪写日记",
    "放松心态",
    "最近没办法经常陪你对不起",
    "有可爱角色的动画片",
    "没有",
    "紧紧闭上眼睛三秒再睁开",
    "让艾玛尝尝自己的食物",
    "贝斯蒂",
    "越是在乎的人越是抓不住",
    "跟贝斯蒂"
  ],
  "贝洛塔": [
    "出去玩",
    "去捉弄米卡",
    "吃好吃的",
    "吃饭皇帝大所以我会带特大号罐头",
    "和贝洛塔一起放鞭炮",
    "喜欢做菜",
    "喜欢晚上",
    "喜欢薄荷巧克力",
    "尝遍全世界的美食",
    "并没有",
    "恶作剧买一送一",
    "米卡和贝洛塔会永远在一起",
    "能吃饱但活不长的地方",
    "苹果口味",
    "请她吃点好吃的吧",
    "贝洛塔",
    "还是用那种火花更华丽的鞭炮那可是小加农炮部队的骄傲呢",
    "这两个都吓不到她吧",
    "重要的不是什么时候吃而是吃什么",
    "闪亮爆竹"
  ],
  "迪塞尔": [
    "AZX已经很完美了不需要额外的装饰呀",
    "与迪塞尔聊天",
    "偶像明星",
    "去唱KTV",
    "唱得五音不全的不过你想唱就唱吧",
    "嗯",
    "想去能听到海浪声的凉爽海边",
    "想拥有不朽的人生",
    "我以前可是超级狂热的粉丝",
    "打电话",
    "把索林带离布丽德身边一段时间吧",
    "是",
    "浓烈的味道",
    "甜甜的水果香",
    "甜甜的草莓拿铁",
    "草莓蛋糕",
    "蓝色",
    "轻松的休闲风",
    "迪塞尔的赞美",
    "那就准备一些更好吃的草莓糖吧"
  ],
  "银华": [
    "一同走到最后的义气",
    "一次失误可能会毁掉一切",
    "军火库",
    "去发掘他们的优点想办法做到人尽其才",
    "在我有生之年一定会实现",
    "安全撤离后向上级报告",
    "当然是你的特种部队",
    "把珍藏已久的地面上的苹果递了过去",
    "把贝斯蒂的日记偷来看一看",
    "投入各种任务和工作尽量避免胡思乱想",
    "拿工作当借口快逃吧",
    "是你的能力太强了",
    "由指挥官自己负责",
    "等夺回地面以后就可以尽情享受四季了",
    "能享受的时候就享受吧",
    "表现亮眼的大概有三四个人",
    "身份证",
    "这么突然",
    "难道是艾玛做的便当吗"
  ],
  "长发公主": [
    "一定有的",
    "不断地提出要求",
    "你说什么",
    "停ACPU",
    "因为有一种不道德的感觉",
    "图书馆里的书我几乎都看完了",
    "地面也会变成这样的",
    "尽情陷入悲伤后再摆脱出来",
    "很擅长",
    "很烦闷",
    "忠于自身欲望的人",
    "您得在树下修行啊",
    "有",
    "浪漫的恋爱小说",
    "真想亲眼去看看",
    "约束",
    "继续创造新的回忆吧",
    "蜜糖",
    "还有什么形状",
    "默默祈祷"
  ],
  "阿妮斯": [
    "不用在意被人讨厌也没什么大不了的",
    "你应该不太舒服吧",
    "你是不是压力很大啊",
    "呵",
    "喜欢死了",
    "因为太重了",
    "多汁珀派特",
    "就是因为彼此差异很大才会在一起呀",
    "工作就是工作",
    "巧克力口味的珀派特",
    "我会静静地等待死亡",
    "我能自己处理好",
    "我觉得蛮好的",
    "戴眼镜才是王道",
    "所以她才那么优秀啊",
    "脸",
    "自扫门前雪",
    "袜子在哪里",
    "那就洗两次吧",
    "那是为了生存身体在欺骗大脑"
  ],
  "阿妮斯：闪耀夏日": [
    "但我更喜欢在陆地上玩",
    "你和我两个人♬",
    "可以转过身来",
    "哪里有城堡",
    "很像阿妮斯的发色",
    "我分你一点吧",
    "我看不见了救命",
    "海鸥",
    "烧烤",
    "珍珠",
    "确实有留一手的价值",
    "要不要一边看日落一边喝一罐苏打水",
    "说不定是",
    "那再来海边喝不就好了吗",
    "那我就不客气了",
    "那要不要和我一起玩",
    "阿妮斯别让我抓到你",
    "阿妮斯后后面",
    "阿妮斯的泳装更好看",
    "风力"
  ],
  "阿莉亚": [
    "两个都不重要",
    "但至少阿莉亚你还有歌曲相伴不是吗",
    "具有牺牲意义的死亡",
    "出现了失去了歌唱感知力的可怜灵魂",
    "到外面练歌吧",
    "去KTV吧",
    "因为它拥有不变的价值",
    "尽量离舞台近一点的位置",
    "开头",
    "思考一下音乐吧",
    "悲剧",
    "我一直都在碰壁",
    "我会默默地守护她这终究是她自己选择的道路",
    "我想去远方旅行",
    "我自己",
    "我要站到很高的地方大喊：地面收复啦",
    "用淡定的态度一如既往地对待他",
    "能感受到沃纶姆的灵魂我喜欢",
    "要求他拿出能说服我的见解",
    "阿莉亚"
  ],
  "雷姆": [],
  "露菲": [
    "下一波限量商品一定会成功抢到的",
    "不够奢侈",
    "不如露菲也举办一场活动吧",
    "你这是怎么了",
    "当然了",
    "怎么可能不知道我可是阿什的粉丝",
    "想买的东西还是会买",
    "我会购买当下需要的东西",
    "所爱之人的安全",
    "投资房地产或股票",
    "有一种代偿的满足感",
    "有潜力的产品",
    "看来是在抢购限量版的商品吧",
    "穿新皮鞋了吗",
    "豹纹",
    "赚钱就是为了花钱",
    "这个故事真可怕",
    "邀请马士丁吧",
    "那个人也想成为露菲却失败了",
    "露舍"
  ],
  "露菲：冬日购物狂": [
    "再买一棵圣诞树",
    "好像开了一家卖松露浓汤的店",
    "好我们去买冬装吧",
    "妮姬",
    "应该是和恋人约会吧",
    "很累吧我帮你按摩吧",
    "我也一样",
    "我现在还相信",
    "是啊我们在一起就很开心",
    "直接戴上它们拍视频吧",
    "要不要预演一下",
    "请随心搭配流行预测为男友准备的可爱单品",
    "邀请其他主播和露宾们办一场热情派对",
    "针对妮姬的心理护理进行说明",
    "露菲你原本的样子就很好",
    "露菲帮我安排吧",
    "露菲当然更适合白衣服",
    "露菲来牵我的手吧",
    "露菲约会时候的样子",
    "露菲逛街竟然会累"
  ],
  "饼干": [
    "不了都给饼干吃吧",
    "像饼干一样的小狗",
    "先等一等等它主动来靠近你",
    "刚洗完澡的毛茸茸的小狗身上的味道",
    "刷牙之后给它们吃零食怎么样",
    "因为猫咪是爱的化身",
    "威风凛凛的帅气小狗",
    "将飞盘轻轻丢向门那一边",
    "小狗生病的时候会想听懂",
    "当然是甜的最好吃",
    "想吃零食吗",
    "摸摸饼干的头",
    "是小狗们之间的羁绊吗",
    "晴天",
    "有饼干在它们肯定会幸福的",
    "狗狗",
    "给她地瓜干",
    "要不要出去散步",
    "试试遮住眼睛再跟她说话",
    "谢谢"
  ],
  "马斯特": [
    "不管有没有可能追逐梦想本身不就是海盗的风格吗",
    "也正因如此时机到来的那一刻才会更加开心",
    "人类的敌人莱彻女王",
    "他是个值得尊敬的人",
    "可是马斯特战胜了这样的灰尘代表你更厉害",
    "和海伦一起喝的时候",
    "哈哈哈拔锚起航",
    "当然是先找开船的人",
    "快说快说",
    "我们已经是伙伴了不是吗",
    "我想看看更广阔的未知世界",
    "摩根又学会讲新的话了吗",
    "既然是海盗那当然是鹦鹉啊",
    "是不是马斯特你没陪它玩它才这样",
    "末代航海家",
    "耐心地等一等",
    "要不要我去拜托一下尼罗",
    "说不定是只有安克才懂的某种暗号体系",
    "雷达不是非常精密的零件吗",
    "魔鬼三角洲的探险"
  ],
  "鲁德米拉": [
    "不行我不喜欢男的",
    "像女王一样的人",
    "充满真实的危险",
    "品尝看看",
    "因为我想知道队友的烦恼",
    "就像爱丽丝和鲁德米拉一样心与心紧紧连在一起",
    "我对遇见鲁德米拉的北方印象深刻",
    "我想外出喝下午茶",
    "我觉得正因如此这里才如此美丽",
    "打电话",
    "把所有要做的事都交给我吧",
    "把手机夺过来问她想做什么",
    "是不是茶叶过期了啊",
    "没去过",
    "爱丽丝即使长大成人也依然还是她自己",
    "用冰做的骨头",
    "苦涩香味的茶",
    "那是个被乐园遗弃的地方",
    "鲁德米拉",
    "鲁德米拉温暖的怀抱"
  ],
  "鲁德米拉：冬日之主": [
    "但鲁德米拉还是更适合当女王",
    "入池之前必须先冲洗身体",
    "准备绿茶",
    "即便如此也得努力",
    "可是我能做的事就减少了有点伤心啊",
    "各式各样的食物",
    "咦窗外有个手掌印",
    "在她旁边坐下",
    "当然了现在就帮我准备吧",
    "我会去逛皇家大道",
    "我喜欢多人结伴旅行",
    "我觉得非常美",
    "拿起铁锹准备出发",
    "温泉旁边的竹林",
    "温泉的历史",
    "煮饭",
    "蛋糕",
    "那就得多加注意不要发生这样的事",
    "鲁德米拉",
    "鲁德米拉"
  ],
  "麦斯威尔": [
    "不会",
    "不够可爱",
    "你想要在我身上做什么测试就直说我都不喜欢",
    "你给什么我就吃什么",
    "做自己喜欢的事",
    "墨提斯部队",
    "她真的得改掉这个坏毛病",
    "她都很快就认错所以没关系的",
    "应该是",
    "应该还在和莱彻战斗吧",
    "我会亲自去找",
    "我想会跟人类一起生活在地面上吧",
    "我认为这是自信",
    "是啊",
    "有空",
    "没必要非得想起来吧",
    "没有",
    "舒恩",
    "英雄研究员",
    "输人不输阵快研究一下战胜毁灭之手的方法"
  ]
}